{"cameraMode":{"drawMode":0,"name":"Shaded","section":"Shading Mode"},"sceneLighting":true,"audioPlay":false,"sceneViewState":{"showFog":true,"showMaterialUpdate":false,"showSkybox":true,"showFlares":true,"showImageEffects":true,"showParticleSystems":true},"in2DMode":false,"pivot":{"x":2.6296029090881349,"y":-1.10910964012146,"z":2.473719596862793},"rotation":{"x":-0.039011966437101367,"y":-0.9572854042053223,"z":0.15497735142707826,"w":-0.24097256362438203},"size":14.204496383666993,"orthographic":false}